{"spot_diameter_fullres": 29.840092000000006, "tissue_hires_scalef": 0.45004502, "fiducial_diameter_fullres": 48.20322399999999, "tissue_lowres_scalef": 0.1350135}